{
  "config": {
    "debug": false,
    "cuda": true,
    "model_name": "ksdkt",
    "load_model": "",
    "overwrite": true,
    "source_data": "20200714_001_Psyence_output_v02",
    "n_skills": 178,
    "test_size": 0.2,
    "kfold": 5,
    "epoch_size": 2000,
    "early_stop": 150,
    "transfer_learning": false,
    "pre_dummy_epoch_size": 0,
    "straighten_during_train_every": 0,
    "straighten_during_train_for": 0,
    "batch_size": 128,
    "lr": 0.05,
    "sequence_size": 20,
    "split_data_enwrap": 0,
    "pad": false,
    "reconstruction_and_waviness": false,
    "reconstruction": true,
    "lambda_rec": 0.0,
    "waviness": true,
    "lambda_l1": 0.0,
    "lambda_l2": 0.0,
    "ksvector_l1": 0.0,
    "ksvector_weight_base": 1.2,
    "eddkt": {
      "ks_loss": false,
      "extend_backward": 0,
      "extend_forward": 0,
      "hidden_size": 200,
      "n_layers": 2,
      "preserved_tokens": 2,
      "dropout_rate": 0.6,
      "generative": false,
      "teacher_forcing_ratio": 1.0
    },
    "dkt": {
      "hidden_size": 200,
      "n_layers": 2,
      "bidirectional": false,
      "preserved_tokens": 2,
      "dropout_rate": 0.6,
      "repeat": 0
    },
    "config_name": "config",
    "exp_name": "20200714_Psyence_neo_dummy_cusr400",
    "starttime": "20200714-0935"
  },
  "indicator": {
    "epoch": {
      "0": [
        10,
        20,
        30,
        40,
        50,
        60,
        70,
        80,
        90,
        100,
        110,
        120,
        130,
        140,
        150,
        160,
        170,
        180,
        190,
        200,
        210,
        220,
        230,
        240,
        250,
        260,
        270,
        280,
        290,
        300,
        310,
        320,
        330,
        340,
        350,
        360,
        370,
        380,
        390,
        400,
        410,
        420,
        430,
        440,
        450
      ]
    },
    "train_loss": {
      "0": [
        0.6889649099773831,
        0.6864335123035643,
        0.6844812019003762,
        0.682845278746552,
        0.681421106060346,
        0.6802005196611086,
        0.6791832827859454,
        0.678361263540056,
        0.6777246528201633,
        0.677254405286577,
        0.6768855965799756,
        0.6766314821110831,
        0.6764369491073821,
        0.6762916975551181,
        0.6761628795001242,
        0.6760609249273936,
        0.6759756828347842,
        0.6758896443578932,
        0.6758194160130289,
        0.6757339363296827,
        0.6756753938065635,
        0.6755990377730794,
        0.6755141905612416,
        0.6754618378149139,
        0.6754000451829698,
        0.6753283242384592,
        0.675236664712429,
        0.6751949422889285,
        0.6751080105702082,
        0.6750428411695693,
        0.6749231070280075,
        0.6748892433113522,
        0.6747990647951762,
        0.6747006360027525,
        0.6746260101596514,
        0.6745657308234109,
        0.6744730845093727,
        0.6744453054335382,
        0.6743637497226397,
        0.6743221994903352,
        0.6742590814828873,
        0.6741978343990114,
        0.6741325565510325,
        0.6740804703699218,
        0.67406198879083
      ]
    },
    "train_auc": {
      "0": [
        0.5461604725359859,
        0.5568104488882588,
        0.5666280106633019,
        0.5718680558157032,
        0.5755254175016078,
        0.5784589480724875,
        0.5808269332002949,
        0.5821430223560728,
        0.5831456813336988,
        0.5840317167901999,
        0.584930213174387,
        0.5854350467522459,
        0.5858594003608343,
        0.5860675877150381,
        0.5864793657759246,
        0.5867093720665105,
        0.5868953272869918,
        0.5871000095298304,
        0.5873675230858625,
        0.5876563268588736,
        0.5877948154410142,
        0.5881091244528054,
        0.5884956057678794,
        0.5887037103142331,
        0.5889877082852549,
        0.5892354825425747,
        0.5896679858387762,
        0.5897940709235121,
        0.5901788830319813,
        0.5904421242562041,
        0.5909394125776058,
        0.5910852777936827,
        0.5913763641647807,
        0.5917788107972685,
        0.5920772590087433,
        0.5923001263245239,
        0.5926201251436755,
        0.5926801163340341,
        0.5930081894898647,
        0.593088480330095,
        0.5932807382683275,
        0.5934609550310846,
        0.5935887932127311,
        0.5938489574968977,
        0.5938853673328188
      ]
    },
    "eval_loss": {
      "0": [
        0.6942192826952253,
        0.6950766217140925,
        0.6957021270479474,
        0.6960816042763847,
        0.696301710037958,
        0.6964347873415265,
        0.69651955082303,
        0.6965821725981576,
        0.6966417829195658,
        0.6966979021117801,
        0.6967540752320063,
        0.6968070524079459,
        0.6968543784958976,
        0.6969013781774611,
        0.6969406860215324,
        0.6969736388751439,
        0.6969965724718004,
        0.6970166109857105,
        0.6970309473219372,
        0.6970414717992147,
        0.697045434088934,
        0.6970499753952026,
        0.697046867438725,
        0.6970444804146176,
        0.6970342738287789,
        0.6970209223883492,
        0.697007573786236,
        0.6969879014151437,
        0.696972077801114,
        0.6969518008686247,
        0.6969267981392997,
        0.6969090359551566,
        0.6968848364693778,
        0.6968605830555871,
        0.6968293729282561,
        0.6968044298035758,
        0.6967801820664179,
        0.696757591906048,
        0.6967384928748721,
        0.6967178753444127,
        0.6966941810789562,
        0.6966736884344191,
        0.6966533859570821,
        0.6966404233660016,
        0.6966268931116376
      ]
    },
    "eval_auc": {
      "0": [
        0.46991081557082215,
        0.46971895393927926,
        0.46999533689300077,
        0.47078288178292904,
        0.47191606192445595,
        0.47233081190224385,
        0.47256132401285156,
        0.47285721993413754,
        0.47310894746194565,
        0.47322254943266007,
        0.4732150474765626,
        0.47337662900641714,
        0.473560436245554,
        0.4737208469830243,
        0.4738419372959712,
        0.4740430226792659,
        0.47419966309266887,
        0.47432111811389216,
        0.4744714130331978,
        0.4746557820233929,
        0.4747994333766111,
        0.4749135555402698,
        0.4750522887056511,
        0.47513310992264457,
        0.475351382452158,
        0.47555446477448277,
        0.4757239688572092,
        0.47588447632477243,
        0.476015969780086,
        0.4761436835965825,
        0.47627837272755935,
        0.4764608458079327,
        0.4765577578967582,
        0.476690422144456,
        0.4768428064337693,
        0.47696156161062053,
        0.47712170866902254,
        0.47730775861327734,
        0.4774589412998804,
        0.4776082510052765,
        0.47774593375350016,
        0.4778959227191044,
        0.47804847825650815,
        0.47818362309370066,
        0.478336301872408
      ]
    },